{"cameraMode":{"drawMode":0,"name":"Shaded","section":"Shading Mode"},"sceneLighting":false,"audioPlay":false,"sceneViewState":{"showFog":true,"showMaterialUpdate":false,"showSkybox":false,"showFlares":true,"showImageEffects":true,"showParticleSystems":true},"in2DMode":false,"pivot":{"x":-3.880000114440918,"y":1.2798000574111939,"z":-0.3884999752044678},"rotation":{"x":0.25588956475257876,"y":-0.030446697026491166,"z":0.008062811568379403,"w":0.9661961793899536},"size":2.9136126041412355,"orthographic":false}